{"cameraMode":{"drawMode":0,"name":"Shaded","section":"Shading Mode"},"sceneLighting":true,"audioPlay":false,"sceneViewState":{"showFog":true,"showMaterialUpdate":false,"showSkybox":true,"showFlares":true,"showImageEffects":true,"showParticleSystems":true},"in2DMode":false,"pivot":{"x":-4.961209297180176,"y":8.158102989196778,"z":-5.068408966064453},"rotation":{"x":0.16935136914253236,"y":0.4648721218109131,"z":-0.09109177440404892,"w":0.8642463088035584},"size":3.1728827953338625,"orthographic":false}