{"cameraMode":{"drawMode":0,"name":"Shaded","section":"Shading Mode"},"sceneLighting":true,"audioPlay":false,"sceneViewState":{"showFog":true,"showMaterialUpdate":false,"showSkybox":true,"showFlares":true,"showImageEffects":true,"showParticleSystems":true},"in2DMode":false,"pivot":{"x":4.098285675048828,"y":13.778934478759766,"z":-30.071775436401368},"rotation":{"x":0.318332314491272,"y":0.012797200120985508,"z":-0.004297744948416948,"w":0.9478839635848999},"size":6.68729305267334,"orthographic":false}