{"cameraMode":{"drawMode":0,"name":"Shaded","section":"Shading Mode"},"sceneLighting":false,"audioPlay":false,"sceneViewState":{"showFog":false,"showMaterialUpdate":false,"showSkybox":false,"showFlares":false,"showImageEffects":false,"showParticleSystems":false},"in2DMode":false,"pivot":{"x":7.539383411407471,"y":-9.867477416992188,"z":-33.550323486328128},"rotation":{"x":0.03653795272111893,"y":0.940863311290741,"z":-0.10772549360990524,"w":0.31911858916282656},"size":0.6954597234725952,"orthographic":false}