{"cameraMode":{"drawMode":0,"name":"Shaded","section":"Shading Mode"},"sceneLighting":true,"audioPlay":false,"sceneViewState":{"showFog":true,"showMaterialUpdate":false,"showSkybox":true,"showFlares":true,"showImageEffects":true,"showParticleSystems":true},"in2DMode":false,"pivot":{"x":2.3433306217193605,"y":-1.4788703918457032,"z":-4.138092517852783},"rotation":{"x":-0.2896677553653717,"y":-0.17087265849113465,"z":0.05252804234623909,"w":-0.9403157234191895},"size":18.98818588256836,"orthographic":true}