{"cameraMode":{"drawMode":0,"name":"Shaded","section":"Shading Mode"},"sceneLighting":true,"audioPlay":false,"sceneViewState":{"showFog":true,"showMaterialUpdate":false,"showSkybox":true,"showFlares":true,"showImageEffects":true,"showParticleSystems":true},"in2DMode":false,"pivot":{"x":-3043.5927734375,"y":63.99665451049805,"z":-255.638671875},"rotation":{"x":-0.004177996888756752,"y":-0.953005850315094,"z":0.30264905095100405,"w":-0.013158089481294155},"size":9.488905906677246,"orthographic":false}