{"cameraMode":{"drawMode":0,"name":"Shaded","section":"Shading Mode"},"sceneLighting":true,"audioPlay":false,"sceneViewState":{"showFog":true,"showMaterialUpdate":false,"showSkybox":true,"showFlares":true,"showImageEffects":true,"showParticleSystems":true},"in2DMode":false,"pivot":{"x":-8.406325340270996,"y":33.026824951171878,"z":2.036813497543335},"rotation":{"x":-0.1984824240207672,"y":0.0020553304348140957,"z":-0.0004162731929682195,"w":-0.9801025986671448},"size":88.41127014160156,"orthographic":false}