{"cameraMode":{"drawMode":0,"name":"Shaded","section":"Shading Mode"},"sceneLighting":true,"audioPlay":false,"sceneViewState":{"showFog":true,"showMaterialUpdate":false,"showSkybox":true,"showFlares":true,"showImageEffects":true,"showParticleSystems":true},"in2DMode":false,"pivot":{"x":579.900146484375,"y":6.605611801147461,"z":-27.949092864990236},"rotation":{"x":0.09869168698787689,"y":0.7198269963264465,"z":-0.10460110008716583,"w":0.6791046857833862},"size":58.8184700012207,"orthographic":false}