{"cameraMode":{"drawMode":0,"name":"Shaded","section":"Shading Mode"},"sceneLighting":true,"audioPlay":false,"sceneViewState":{"showFog":true,"showMaterialUpdate":false,"showSkybox":true,"showFlares":true,"showImageEffects":true,"showParticleSystems":true},"in2DMode":false,"pivot":{"x":852.206787109375,"y":-8.062021255493164,"z":164.21340942382813},"rotation":{"x":-0.19247868657112122,"y":0.03474264219403267,"z":-0.006818205118179321,"w":-0.9806673526763916},"size":134.6348419189453,"orthographic":false}