{"cameraMode":{"drawMode":0,"name":"Shaded","section":"Shading Mode"},"sceneLighting":true,"audioPlay":false,"sceneViewState":{"showFog":true,"showMaterialUpdate":false,"showSkybox":true,"showFlares":true,"showImageEffects":true,"showParticleSystems":true},"in2DMode":false,"pivot":{"x":35.416770935058597,"y":1.7782946825027466,"z":0.6287319660186768},"rotation":{"x":-0.14232461154460908,"y":0.0005905384896323085,"z":-0.00008561350841773674,"w":-0.9898218512535095},"size":38.25993728637695,"orthographic":false}