{"cameraMode":{"drawMode":0,"name":"Shaded","section":"Shading Mode"},"sceneLighting":true,"audioPlay":false,"sceneViewState":{"showFog":true,"showMaterialUpdate":false,"showSkybox":true,"showFlares":true,"showImageEffects":true,"showParticleSystems":true},"in2DMode":false,"pivot":{"x":-11.95366096496582,"y":-60.03525924682617,"z":51.67963790893555},"rotation":{"x":0.16498000919818879,"y":0.5700019598007202,"z":-0.11809881031513214,"w":0.796209990978241},"size":96.07328796386719,"orthographic":false}