{"cameraMode":{"drawMode":0,"name":"Shaded","section":"Shading Mode"},"sceneLighting":false,"audioPlay":false,"sceneViewState":{"showFog":true,"showMaterialUpdate":false,"showSkybox":false,"showFlares":true,"showImageEffects":true,"showParticleSystems":true},"in2DMode":false,"pivot":{"x":-6.369999885559082,"y":1.3700000047683716,"z":-12.210000038146973},"rotation":{"x":0.01609395258128643,"y":0.7084062695503235,"z":-0.01616126298904419,"w":0.705440878868103},"size":2.8578836917877199,"orthographic":false}