{"cameraMode":{"drawMode":0,"name":"Shaded","section":"Shading Mode"},"sceneLighting":true,"audioPlay":false,"sceneViewState":{"showFog":true,"showMaterialUpdate":true,"showSkybox":true,"showFlares":true,"showImageEffects":true,"showParticleSystems":true},"in2DMode":false,"pivot":{"x":559.0136108398438,"y":107.62999725341797,"z":0.0},"rotation":{"x":0.017375729978084565,"y":-0.04947230964899063,"z":0.000860793050378561,"w":0.9986241459846497},"size":279.1578369140625,"orthographic":true}