{"cameraMode":{"drawMode":0,"name":"Shaded","section":"Shading Mode"},"sceneLighting":false,"audioPlay":false,"sceneViewState":{"showFog":true,"showMaterialUpdate":false,"showSkybox":false,"showFlares":true,"showImageEffects":true,"showParticleSystems":true},"in2DMode":false,"pivot":{"x":599.4619140625,"y":-15.114410400390625,"z":-24.729644775390626},"rotation":{"x":-0.14968882501125337,"y":-0.8372811079025269,"z":0.28259211778640749,"w":-0.4435582160949707},"size":458.4734802246094,"orthographic":false}