{"cameraMode":{"drawMode":0,"name":"Shaded","section":"Shading Mode"},"sceneLighting":true,"audioPlay":false,"sceneViewState":{"showFog":true,"showMaterialUpdate":false,"showSkybox":true,"showFlares":true,"showImageEffects":true,"showParticleSystems":true},"in2DMode":false,"pivot":{"x":-8.036251068115235,"y":-8.98309326171875,"z":-6.186855316162109},"rotation":{"x":0.1871803253889084,"y":-0.7998256087303162,"z":0.3148328363895416,"w":0.47553226351737978},"size":29.963924407958986,"orthographic":false}