{"cameraMode":{"drawMode":0,"name":"Shaded","section":"Shading Mode"},"sceneLighting":true,"audioPlay":false,"sceneViewState":{"showFog":true,"showMaterialUpdate":false,"showSkybox":true,"showFlares":true,"showImageEffects":true,"showParticleSystems":true},"in2DMode":false,"pivot":{"x":6.980556011199951,"y":0.4762776494026184,"z":0.44050851464271548},"rotation":{"x":0.21032872796058656,"y":-0.7200712561607361,"z":0.24689488112926484,"w":0.6134437918663025},"size":4.2238335609436039,"orthographic":false}