{"cameraMode":{"drawMode":0,"name":"Shaded","section":"Shading Mode"},"sceneLighting":true,"audioPlay":false,"sceneViewState":{"showFog":true,"showMaterialUpdate":false,"showSkybox":true,"showFlares":true,"showImageEffects":true,"showParticleSystems":true},"in2DMode":false,"pivot":{"x":11.427913665771485,"y":9.288565635681153,"z":7.724422454833984},"rotation":{"x":0.06143278628587723,"y":0.3020488917827606,"z":-0.01950734294950962,"w":0.9511157870292664},"size":17.7936954498291,"orthographic":false}