{"cameraMode":{"drawMode":0,"name":"Shaded","section":"Shading Mode"},"sceneLighting":false,"audioPlay":false,"sceneViewState":{"showFog":true,"showMaterialUpdate":false,"showSkybox":false,"showFlares":true,"showImageEffects":true,"showParticleSystems":true},"in2DMode":false,"pivot":{"x":677.4099731445313,"y":-22.600000381469728,"z":-23.899999618530275},"rotation":{"x":0.12031926214694977,"y":0.692108690738678,"z":-0.11866958439350128,"w":0.7017304301261902},"size":17.147302627563478,"orthographic":false}