{"cameraMode":{"drawMode":0,"name":"Shaded","section":"Shading Mode"},"sceneLighting":true,"audioPlay":false,"sceneViewState":{"showFog":true,"showMaterialUpdate":false,"showSkybox":true,"showFlares":true,"showImageEffects":true,"showParticleSystems":true},"in2DMode":false,"pivot":{"x":4.120773792266846,"y":0.8579639792442322,"z":10.754033088684082},"rotation":{"x":-0.05904781445860863,"y":-0.9304707646369934,"z":0.3174724876880646,"w":-0.17306257784366609},"size":24.36527442932129,"orthographic":false}